<?xml version="1.0" encoding="UTF-8"?>
<project-private xmlns="http://www.netbeans.org/ns/project-private/1">
    <editor-bookmarks xmlns="http://www.netbeans.org/ns/editor-bookmarks/2" lastBookmarkId="0"/>
    <open-files xmlns="http://www.netbeans.org/ns/projectui-open-files/2">
        <group>
            <file>file:/C:/Users/pc/Documents/NetBeansProjects/SessionManagement1/web/index.html</file>
            <file>file:/C:/Users/pc/Documents/NetBeansProjects/SessionManagement1/web/AdminDashboard.jsp</file>
            <file>file:/C:/Users/pc/Documents/NetBeansProjects/SessionManagement1/web/staffDashboard.jsp</file>
            <file>file:/C:/Users/pc/Documents/NetBeansProjects/SessionManagement1/web/error404.jsp</file>
            <file>file:/C:/Users/pc/Documents/NetBeansProjects/SessionManagement1/web/StudentDashboard.jsp</file>
            <file>file:/C:/Users/pc/Documents/NetBeansProjects/SessionManagement1/web/Login.jsp</file>
            <file>file:/C:/Users/pc/Documents/NetBeansProjects/SessionManagement1/web/ErrorHandling.jsp</file>
        </group>
    </open-files>
</project-private>
