<?xml version="1.0" encoding="UTF-8"?>
<project-private xmlns="http://www.netbeans.org/ns/project-private/1">
    <editor-bookmarks xmlns="http://www.netbeans.org/ns/editor-bookmarks/2" lastBookmarkId="0"/>
    <open-files xmlns="http://www.netbeans.org/ns/projectui-open-files/2">
        <group>
            <file>file:/C:/Users/pc/Documents/NetBeansProjects/StudentRequestPortalLogin/web/groupcss.css</file>
            <file>file:/C:/Users/pc/Documents/NetBeansProjects/StudentRequestPortalLogin/src/java/StudentRequest/PasswordReset.java</file>
            <file>file:/C:/Users/pc/Documents/NetBeansProjects/StudentRequestPortalLogin/web/index.html</file>
            <file>file:/C:/Users/pc/Documents/NetBeansProjects/StudentRequestPortalLogin/web/aboutus.html</file>
            <file>file:/C:/Users/pc/Documents/NetBeansProjects/StudentRequestPortalLogin/web/styles.css</file>
        </group>
    </open-files>
</project-private>
